﻿designator,quantity,value,pack,mpn,mount_type
"C1, C2",2,"0,1uF",C_Disc_D3.0mm_W2.0mm_P2.50mm,,tht
J1,1,A16,PinSocket_1x02_P2.54mm_Vertical,,tht
J2,1,A17,PinSocket_1x02_P2.54mm_Vertical,,tht
J3,1,A18,PinSocket_1x02_P2.54mm_Vertical,,tht
JP1,1,Open for W65C02,SolderJumper-2_P1.3mm_Bridged_RoundedPad1.0x1.5mm,,tht
"R1, R2, R3",3,"4,7K",R_Axial_DIN0204_L3.6mm_D1.6mm_P5.08mm_Horizontal,,tht
R4,1,"3,3K",R_Axial_DIN0204_L3.6mm_D1.6mm_P5.08mm_Horizontal,,tht
U1,1,6502PCBSocket,6502PCB_DIP-40_W15.24mm,,tht
U2,1,AT27C040-70JU 512K EEPROM,PLCC-32_THT-Socket,,tht
U3b1,1,HM62256ALF-70G 32KB SRAM,SOIC-28W_7.5x18.7mm_P1.27mm,,smt
U4b1,1,ATF16V8BQL-15SC,DIP-20_W7.62mm,,tht
