﻿Designator,Quantity,Value,Footprint,Package,MPN,DNP,Mount_Type,Description
"C1, C2",2,"0,1uF",C_Disc_D3.0mm_W2.0mm_P2.50mm,,,,tht,Unpolarized capacitor
J1,1,A16,PinSocket_1x02_P2.54mm_Vertical,,,,tht,"Generic connector, single row, 01x02, script generated"
J2,1,A17,PinSocket_1x02_P2.54mm_Vertical,,,,tht,"Generic connector, single row, 01x02, script generated"
J3,1,A18,PinSocket_1x02_P2.54mm_Vertical,,,,tht,"Generic connector, single row, 01x02, script generated"
JP4,1,Open for WDC65C02,SolderJumper-2_P1.3mm_Bridged_RoundedPad1.0x1.5mm,,,,tht,"Solder Jumper, 2-pole, closed/bridged"
JP5,1,27C040,SolderJumper-2_P1.3mm_Open_RoundedPad1.0x1.5mm,,,,tht,"Solder Jumper, 2-pole, open"
JP6,1,29LV040B,SolderJumper-2_P1.3mm_Open_RoundedPad1.0x1.5mm,,,,tht,"Solder Jumper, 2-pole, open"
R1,1,"3,3K",R_Axial_DIN0204_L3.6mm_D1.6mm_P5.08mm_Horizontal,,,,tht,
"R2, R3, R4",3,"4,7K",R_Axial_DIN0204_L3.6mm_D1.6mm_P5.08mm_Horizontal,,,,tht,
U1,1,6502PCBSocket,6502PCB_DIP-40_W15.24mm,,,Yes,tht,"8-bit NMOS Microprocessor, 64K, DIP-40"
U2,1,EPROM,PLCC-32_THT-Socket,,,,tht,"512K x 8 HIGH-SPEED CMOS STATIC RAM, 10ns, SOJ-36"
U3b1,1,HM62256,SOP-28_8.4x18.16mm_P1.27mm,,,,smt,"256K (32K x 8) Static RAM, 70ns, DIP-28"
U4b1,1,ATF16V8,DIP-20_W7.62mm,,,,tht,"Programmable Logic Array, DIP-20/SOIC-20/PLCC-20"
