﻿pos_x,pos_y,rotation,side,designator,mpn,pack,footprint,value,mount_type,place
154.0,-62.75,90.0,top,C1,,,C_Disc_D3.0mm_W2.0mm_P2.50mm,"0,1uF",tht,True
157.75,-114.0,0.0,top,C2,,,C_Disc_D3.0mm_W2.0mm_P2.50mm,"0,1uF",tht,True
180.5342,-118.2779,-90.0,top,J1,,,PinSocket_1x02_P2.54mm_Vertical,A16,tht,True
180.54,-115.5,-90.0,top,J2,,,PinSocket_1x02_P2.54mm_Vertical,A17,tht,True
180.59,-112.7513,-90.0,top,J3,,,PinSocket_1x02_P2.54mm_Vertical,A18,tht,True
142.0,-64.0,180.0,bottom,JP4,,,SolderJumper-2_P1.3mm_Bridged_RoundedPad1.0x1.5mm,Open for WDC65C02,tht,False
142.0,-76.5,180.0,bottom,JP5,,,SolderJumper-2_P1.3mm_Open_RoundedPad1.0x1.5mm,27C040,tht,False
142.0,-83.0,180.0,bottom,JP6,,,SolderJumper-2_P1.3mm_Open_RoundedPad1.0x1.5mm,29LV040B,tht,False
157.5,-92.0,90.0,top,R1,,,R_Axial_DIN0204_L3.6mm_D1.6mm_P5.08mm_Horizontal,"3,3K",tht,True
166.5,-123.04,90.0,top,R2,,,R_Axial_DIN0204_L3.6mm_D1.6mm_P5.08mm_Horizontal,"4,7K",tht,True
166.5,-125.96,-90.0,top,R3,,,R_Axial_DIN0204_L3.6mm_D1.6mm_P5.08mm_Horizontal,"4,7K",tht,True
166.5,-133.96,-90.0,top,R4,,,R_Axial_DIN0204_L3.6mm_D1.6mm_P5.08mm_Horizontal,"4,7K",tht,True
133.0,-59.74,0.0,top,U1,,,6502PCB_DIP-40_W15.24mm,6502PCBSocket,tht,True
177.0,-97.62,-90.0,top,U2,,,PLCC-32_THT-Socket,EPROM,tht,True
175.7,-136.175,180.0,bottom,U3b1,,,SOP-28_8.4x18.16mm_P1.27mm,HM62256,smt,True
155.38,-121.22,0.0,top,U4b1,,,DIP-20_W7.62mm,ATF16V8,tht,True
